Fecha,Cupon,Tasa
01/03/20,10,0.0952386584
09/17/20,14,0.0933806592
07/02/21,13,0.097332389
04/05/22,10,0.0987053001
09/14/22,17,0.0971702145
07/23/23,16,0.0977226533
05/30/24,17,0.0911311083
